"time","event","sex","age","ecog"
10.05,"dead","Male",74,"ECOG 1"
14.95,"dead","Male",68,"ECOG 0"
33.18,"alive","Male",56,"ECOG 0"
6.9,"dead","Male",57,"ECOG 1"
29.01,"dead","Male",60,"ECOG 0"
33.58,"alive","Male",74,"ECOG 1"
10.18,"dead","Female",68,"ECOG 2"
11.86,"dead","Female",71,"ECOG 2"
7.16,"dead","Male",53,"ECOG 1"
5.45,"dead","Male",61,"ECOG 2"
5.59,"dead","Male",57,"ECOG 1"
21.49,"dead","Female",68,"ECOG 2"
23.92,"dead","Female",68,"ECOG 1"
18.63,"dead","Male",57,"ECOG 1"
4.73,"dead","Male",67,"ECOG 1"
20.14,"dead","Male",70,"ECOG 1"
23.23,"dead","Male",63,"ECOG 2"
2,"dead","Female",56,"ECOG 2"
2.89,"dead","Male",57,"ECOG 1"
9.89,"dead","Male",67,"ECOG 1"
2.66,"dead","Female",49,"ECOG 0"
20.5,"dead","Male",50,"ECOG 1"
12.19,"dead","Male",58,"ECOG 0"
12.94,"dead","Male",72,"ECOG 0"
17.08,"dead","Female",70,"ECOG 1"
18.86,"dead","Male",60,"ECOG 0"
12.81,"dead","Male",53,"ECOG 1"
0.39,"dead","Male",74,"ECOG 2"
15.54,"dead","Female",69,"ECOG 1"
0.85,"dead","Male",73,"ECOG 2"
17.51,"dead","Male",48,"ECOG 2"
3.52,"dead","Female",60,"ECOG 2"
1.74,"dead","Male",61,"ECOG 2"
4.01,"dead","Female",62,"ECOG 2"
26.74,"dead","Male",65,"ECOG 2"
31.7,"alive","Female",66,"ECOG 1"
3.06,"dead","Male",74,"ECOG 2"
24.02,"dead","Female",64,"ECOG 1"
15.11,"dead","Male",70,"ECOG 1"
5.03,"dead","Female",73,"ECOG 2"
14.23,"dead","Female",59,"ECOG 0"
4.76,"dead","Female",60,"ECOG 2"
19.15,"dead","Male",68,"ECOG 1"
3.12,"dead","Female",76,"ECOG 2"
9.95,"dead","Male",74,"ECOG 0"
17.05,"dead","Male",63,"ECOG 1"
21.13,"dead","Male",74,"ECOG 0"
25.13,"dead","Female",50,"ECOG 1"
24.15,"dead","Female",72,"ECOG 1"
6.21,"dead","Male",63,"ECOG 0"
1.74,"dead","Male",68,"ECOG 0"
8.08,"dead","Male",58,"ECOG 0"
22.64,"dead","Male",59,"ECOG 1"
2.14,"dead","Male",62,"ECOG 0"
0.16,"dead","Female",65,"ECOG 0"
4.34,"dead","Male",57,"ECOG 2"
22.57,"dead","Female",58,"ECOG 1"
11.33,"dead","Female",64,"ECOG 1"
14.59,"dead","Female",75,"ECOG 2"
7.33,"dead","Male",48,"ECOG 1"
5.75,"dead","Male",73,"ECOG 1"
1.97,"dead","Female",65,"ECOG 1"
5.36,"dead","Male",69,"ECOG 1"
2.14,"dead","Male",68,"ECOG 2"
6.83,"dead","Female",67,"ECOG 2"
26.97,"alive","Female",64,"ECOG 0"
14.06,"dead","Male",68,"ECOG 0"
7.56,"dead","Male",67,"ECOG 1"
27.6,"alive","Male",63,"ECOG 0"
10.02,"dead","Female",48,"ECOG 1"
0.36,"dead","Male",74,"ECOG 2"
4.34,"dead","Male",40,"ECOG 1"
7.43,"dead","Female",53,"ECOG 1"
14,"dead","Female",71,"ECOG 1"
23.16,"dead","Female",51,"ECOG 0"
11.93,"dead","Female",56,"ECOG 1"
0.36,"dead","Male",81,"ECOG 0"
5.78,"dead","Male",73,"ECOG 0"
25.99,"dead","Male",59,"ECOG 0"
3.12,"dead","Male",55,"ECOG 1"
6.44,"alive","Male",42,"ECOG 1"
5.49,"dead","Female",44,"ECOG 1"
26.48,"alive","Male",44,"ECOG 1"
9.33,"dead","Male",71,"ECOG 1"
21.06,"dead","Female",62,"ECOG 1"
4.83,"dead","Male",61,"ECOG 0"
24.31,"alive","Female",44,"ECOG 1"
5.36,"dead","Male",72,"ECOG 2"
21.52,"dead","Male",63,"ECOG 0"
7.85,"dead","Male",70,"ECOG 1"
2.89,"dead","Male",66,"ECOG 1"
8.05,"dead","Female",57,"ECOG 1"
19.32,"alive","Female",69,"ECOG 0"
0.99,"dead","Male",72,"ECOG 2"
5.88,"dead","Male",69,"ECOG 1"
10.18,"dead","Male",71,"ECOG 1"
15.67,"dead","Male",64,"ECOG 1"
5.45,"dead","Female",70,"ECOG 0"
18.37,"alive","Female",58,"ECOG 0"
14.78,"dead","Female",69,"ECOG 1"
11.96,"dead","Male",56,"ECOG 1"
3.52,"dead","Male",63,"ECOG 1"
5.82,"dead","Male",59,"ECOG 2"
5.13,"dead","Male",66,"ECOG 1"
17.38,"alive","Female",54,"ECOG 1"
0.36,"dead","Male",67,"ECOG 1"
14.09,"dead","Male",55,"ECOG 1"
11.53,"dead","Female",75,"ECOG 2"
0.49,"dead","Male",69,"ECOG 0"
5.95,"dead","Male",44,"ECOG 1"
9.3,"dead","Male",80,"ECOG 1"
6.6,"dead","Female",75,"ECOG 0"
17.22,"dead","Female",54,"ECOG 1"
0.43,"dead","Male",76,"ECOG 2"
6.97,"dead","Male",49,"ECOG 2"
17.22,"dead","Male",68,"ECOG 2"
9.46,"dead","Male",66,"ECOG 2"
11.93,"dead","Male",80,"ECOG 1"
14.52,"dead","Male",75,"ECOG 0"
6.54,"dead","Female",60,"ECOG 2"
18.07,"dead","Female",69,"ECOG 1"
1.77,"dead","Male",72,"ECOG 2"
18.33,"dead","Male",70,"ECOG 0"
6.8,"dead","Male",66,"ECOG 1"
3.02,"dead","Male",50,"ECOG 1"
1.97,"dead","Male",64,"ECOG 1"
18.1,"alive","Female",77,"ECOG 2"
17.84,"alive","Female",48,"ECOG 0"
9.63,"dead","Female",59,"ECOG 1"
6.64,"dead","Male",53,"ECOG 1"
11.6,"dead","Male",47,"ECOG 0"
16.79,"alive","Female",55,"ECOG 1"
8.77,"dead","Male",67,"ECOG 0"
16.79,"alive","Female",74,"ECOG 2"
12.19,"dead","Female",58,"ECOG 1"
12.71,"dead","Male",56,"ECOG 2"
15.01,"dead","Male",54,"ECOG 1"
11.07,"dead","Male",56,"ECOG 0"
6.6,"dead","Female",73,"ECOG 2"
13.27,"alive","Male",74,"ECOG 1"
7.29,"dead","Male",76,"ECOG 2"
2.04,"dead","Female",65,"ECOG 1"
15.05,"alive","Male",57,"ECOG 1"
11.7,"alive","Female",53,"ECOG 1"
11.6,"dead","Male",71,"ECOG 0"
5.36,"dead","Male",54,"ECOG 1"
1.02,"dead","Male",82,"ECOG 0"
11.17,"dead","Female",59,"ECOG 0"
7.52,"dead","Male",70,"ECOG 1"
14.59,"alive","Male",60,"ECOG 0"
10.35,"alive","Female",62,"ECOG 0"
5.98,"dead","Female",53,"ECOG 1"
5.13,"dead","Male",55,"ECOG 2"
10.81,"dead","Male",69,"ECOG 2"
11.96,"alive","Female",68,"ECOG 1"
9.56,"dead","Male",62,"ECOG 2"
5.88,"dead","Male",63,"ECOG 1"
12.35,"alive","Female",56,"ECOG 1"
12.62,"alive","Female",62,"ECOG 0"
8.8,"dead","Female",44,"ECOG 1"
9.59,"alive","Male",69,"ECOG 2"
4.67,"dead","Male",63,"ECOG 1"
13.57,"alive","Male",64,"ECOG 1"
8.74,"alive","Female",57,"ECOG 0"
6.37,"dead","Female",60,"ECOG 1"
10.51,"dead","Male",46,"ECOG 0"
5.95,"dead","Male",61,"ECOG 1"
9.36,"dead","Male",65,"ECOG 0"
9.89,"alive","Male",61,"ECOG 1"
11.43,"dead","Female",58,"ECOG 0"
6.47,"dead","Male",56,"ECOG 1"
12.55,"alive","Female",43,"ECOG 0"
9.95,"alive","Male",53,"ECOG 1"
9.72,"alive","Female",59,"ECOG 1"
5.91,"dead","Male",56,"ECOG 2"
6.11,"dead","Female",55,"ECOG 1"
4.76,"dead","Female",53,"ECOG 1"
8.84,"alive","Female",74,"ECOG 0"
9.86,"alive","Male",60,"ECOG 0"
9.33,"alive","Male",39,"ECOG 0"
11.5,"dead","Female",66,"ECOG 0"
8.94,"alive","Female",65,"ECOG 1"
9.59,"alive","Female",51,"ECOG 0"
10.91,"alive","Female",45,"ECOG 0"
9.36,"dead","Female",72,"ECOG 2"
8.51,"alive","Male",58,"ECOG 0"
3.61,"dead","Male",64,"ECOG 1"
9.4,"dead","Male",53,"ECOG 0"
8.87,"dead","Male",72,"ECOG 1"
2.66,"dead","Male",52,"ECOG 2"
4.3,"dead","Male",50,"ECOG 1"
7.39,"alive","Male",64,"ECOG 1"
8.84,"dead","Male",71,"ECOG 1"
7.39,"alive","Male",70,"ECOG 0"
7.98,"alive","Female",63,"ECOG 1"
9.17,"alive","Male",64,"ECOG 1"
9.07,"alive","Female",52,"ECOG 0"
4.44,"dead","Male",60,"ECOG 1"
2.6,"dead","Female",64,"ECOG 1"
1.94,"dead","Male",73,"ECOG 1"
7.89,"alive","Female",63,"ECOG 0"
6.64,"alive","Female",50,"ECOG 0"
7.72,"alive","Female",63,"ECOG 0"
3.45,"dead","Male",62,"ECOG 2"
7.36,"alive","Female",55,"ECOG 0"
7.85,"dead","Female",50,"ECOG 2"
7.79,"alive","Male",69,"ECOG 1"
5.68,"alive","Female",59,"ECOG 1"
8.28,"alive","Female",60,"ECOG 0"
7.26,"alive","Male",67,"ECOG 1"
6.08,"alive","Male",69,"ECOG 1"
3.02,"alive","Female",64,"ECOG 2"
0.43,"dead","Male",65,"ECOG 1"
7.29,"alive","Male",65,"ECOG 1"
6.31,"alive","Female",41,"ECOG 1"
6.01,"dead","Male",76,"ECOG 2"
6.93,"alive","Female",70,"ECOG 2"
5.75,"alive","Female",57,"ECOG 0"
6.47,"alive","Male",67,"ECOG 1"
6.67,"alive","Female",71,"ECOG 1"
3.81,"dead","Male",76,"ECOG 1"
6.18,"alive","Male",77,"ECOG 1"
6.28,"alive","Male",39,"ECOG 0"
3.45,"alive","Female",75,"ECOG 2"
5.72,"alive","Male",66,"ECOG 1"
5.82,"alive","Female",58,"ECOG 1"
